Rank,Major_code,Major,Total,Men,Women,Major_category,ShareWomen,Sample_size,Employed,Full_time,Part_time,Full_time_year_round,Unemployed,Unemployment_rate,Median,P25th,P75th,College_jobs,Non_college_jobs,Low_wage_jobs,Total_bin,temp,Median_bin,Histogram_column,midpoint
1,2419,PETROLEUM ENGINEERING,2339.0,2057.0,282.0,Engineering,0.120564344,36,1976,1849,270,1207,37,0.018380527,110000,95000,125000,1534,364,193,"(124.0, 20124.0]",1,"(108500, 111000]",1,109750
2,2416,MINING AND MINERAL ENGINEERING,756.0,679.0,77.0,Engineering,0.10185185199999999,7,640,556,170,388,85,0.117241379,75000,55000,90000,350,257,50,"(124.0, 20124.0]",1,"(73500, 76000]",1,74750
3,2415,METALLURGICAL ENGINEERING,856.0,725.0,131.0,Engineering,0.153037383,3,648,558,133,340,16,0.024096386,73000,50000,105000,456,176,0,"(124.0, 20124.0]",1,"(71000, 73500]",1,72250
4,2417,NAVAL ARCHITECTURE AND MARINE ENGINEERING,1258.0,1123.0,135.0,Engineering,0.107313196,16,758,1069,150,692,40,0.050125313,70000,43000,80000,529,102,0,"(124.0, 20124.0]",1,"(68500, 71000]",1,69750
5,2405,CHEMICAL ENGINEERING,32260.0,21239.0,11021.0,Engineering,0.341630502,289,25694,23170,5180,16697,1672,0.061097712,65000,50000,75000,18314,4440,972,"(20124.0, 40124.0]",1,"(63500, 66000]",1,64750
6,2418,NUCLEAR ENGINEERING,2573.0,2200.0,373.0,Engineering,0.144966965,17,1857,2038,264,1449,400,0.177226407,65000,50000,102000,1142,657,244,"(124.0, 20124.0]",1,"(63500, 66000]",2,64750
7,6202,ACTUARIAL SCIENCE,3777.0,2110.0,1667.0,Business,0.44135557299999995,51,2912,2924,296,2482,308,0.095652174,62000,53000,72000,1768,314,259,"(124.0, 20124.0]",1,"(61000, 63500]",1,62250
8,5001,ASTRONOMY AND ASTROPHYSICS,1792.0,832.0,960.0,Physical Sciences,0.535714286,10,1526,1085,553,827,33,0.021167415,62000,31500,109000,972,500,220,"(124.0, 20124.0]",1,"(61000, 63500]",2,62250
9,2414,MECHANICAL ENGINEERING,91227.0,80320.0,10907.0,Engineering,0.11955890300000001,1029,76442,71298,13101,54639,4650,0.057342277999999997,60000,48000,70000,52844,16384,3253,"(80124.0, 100124.0]",1,"(58500, 61000]",1,59750
10,2408,ELECTRICAL ENGINEERING,81527.0,65511.0,16016.0,Engineering,0.19645025600000002,631,61928,55450,12695,41413,3895,0.059173845,60000,45000,72000,45829,10874,3170,"(80124.0, 100124.0]",1,"(58500, 61000]",2,59750
11,2407,COMPUTER ENGINEERING,41542.0,33258.0,8284.0,Engineering,0.199412643,399,32506,30315,5146,23621,2275,0.065409275,60000,45000,75000,23694,5721,980,"(40124.0, 60124.0]",1,"(58500, 61000]",3,59750
12,2401,AEROSPACE ENGINEERING,15058.0,12953.0,2105.0,Engineering,0.139792801,147,11391,11106,2724,8790,794,0.065162085,60000,42000,70000,8184,2425,372,"(124.0, 20124.0]",1,"(58500, 61000]",4,59750
13,2404,BIOMEDICAL ENGINEERING,14955.0,8407.0,6548.0,Engineering,0.437846874,79,10047,9017,2694,5986,1019,0.09208386,60000,36000,70000,6439,2471,789,"(124.0, 20124.0]",1,"(58500, 61000]",5,59750
14,5008,MATERIALS SCIENCE,4279.0,2949.0,1330.0,Engineering,0.310820285,22,3307,2751,878,1967,78,0.023042836,60000,39000,65000,2626,391,81,"(124.0, 20124.0]",1,"(58500, 61000]",6,59750
15,2409,ENGINEERING MECHANICS PHYSICS AND SCIENCE,4321.0,3526.0,795.0,Engineering,0.183985189,30,3608,2999,811,2004,23,0.006334343,58000,25000,74000,2439,947,263,"(124.0, 20124.0]",1,"(56000, 58500]",1,57250
16,2402,BIOLOGICAL ENGINEERING,8925.0,6062.0,2863.0,Engineering,0.32078431399999996,55,6170,5455,1983,3413,589,0.087143069,57100,40000,76000,3603,1595,524,"(124.0, 20124.0]",1,"(56000, 58500]",2,57250
17,2412,INDUSTRIAL AND MANUFACTURING ENGINEERING,18968.0,12453.0,6515.0,Engineering,0.34347321799999997,183,15604,14879,2243,11326,699,0.042875544,57000,37900,67000,8306,3235,640,"(124.0, 20124.0]",1,"(56000, 58500]",3,57250
18,2400,GENERAL ENGINEERING,61152.0,45683.0,15469.0,Engineering,0.252959838,425,44931,41235,7199,33540,2859,0.059824231,56000,36000,69000,26898,11734,3192,"(60124.0, 80124.0]",1,"(53500, 56000]",1,54750
19,2403,ARCHITECTURAL ENGINEERING,2825.0,1835.0,990.0,Engineering,0.35044247799999995,26,2575,2277,343,1848,170,0.061930782999999996,54000,38000,65000,1665,649,137,"(124.0, 20124.0]",1,"(53500, 56000]",2,54750
20,3201,COURT REPORTING,1148.0,877.0,271.0,Law & Public Policy,0.236062718,14,930,808,223,808,11,0.011689692,54000,50000,54000,402,528,144,"(124.0, 20124.0]",1,"(53500, 56000]",3,54750
21,2102,COMPUTER SCIENCE,128319.0,99743.0,28576.0,Computers & Mathematics,0.222695002,1196,102087,91485,18726,70932,6884,0.063172771,53000,39000,70000,68622,25667,5144,"(120124.0, 140124.0]",1,"(51000, 53500]",1,52250
22,1104,FOOD SCIENCE,,,,Agriculture & Natural Resources,,36,3149,2558,1121,1735,338,0.09693146,53000,32000,70000,1183,1274,485,,1,"(51000, 53500]",2,52250
23,2502,ELECTRICAL ENGINEERING TECHNOLOGY,11565.0,8181.0,3384.0,Engineering,0.292607004,97,8587,7530,1873,5681,824,0.087557114,52000,35000,60000,5126,2686,696,"(124.0, 20124.0]",1,"(51000, 53500]",3,52250
24,2413,MATERIALS ENGINEERING AND MATERIALS SCIENCE,2993.0,2020.0,973.0,Engineering,0.325091881,22,2449,1658,1040,1151,70,0.027788805,52000,35000,62000,1911,305,70,"(124.0, 20124.0]",1,"(51000, 53500]",4,52250
25,6212,MANAGEMENT INFORMATION SYSTEMS AND STATISTICS,18713.0,13496.0,5217.0,Business,0.278790146,278,16413,15141,2420,13017,1015,0.058239614,51000,38000,60000,6342,5741,708,"(124.0, 20124.0]",1,"(48500, 51000]",1,49750
26,2406,CIVIL ENGINEERING,53153.0,41081.0,12072.0,Engineering,0.22711794300000002,565,43041,38302,10080,29196,3270,0.07060957400000001,50000,40000,60000,28526,9356,2899,"(40124.0, 60124.0]",1,"(48500, 51000]",2,49750
27,5601,CONSTRUCTION SERVICES,18498.0,16820.0,1678.0,Industrial Arts & Consumer Services,0.09071250900000001,295,16318,15690,1751,12313,1042,0.060023041,50000,36000,60000,3275,5351,703,"(124.0, 20124.0]",1,"(48500, 51000]",3,49750
28,6204,OPERATIONS LOGISTICS AND E-COMMERCE,11732.0,7921.0,3811.0,Business,0.32483805,156,10027,9639,1183,7724,504,0.047858702999999995,50000,40000,60000,1466,3629,285,"(124.0, 20124.0]",1,"(48500, 51000]",4,49750
29,2499,MISCELLANEOUS ENGINEERING,9133.0,7398.0,1735.0,Engineering,0.189970437,118,7428,6811,1662,5476,597,0.074392523,50000,39000,65000,3445,2426,365,"(124.0, 20124.0]",1,"(48500, 51000]",5,49750
30,5402,PUBLIC POLICY,5978.0,2639.0,3339.0,Law & Public Policy,0.558548009,55,4547,4163,1306,2776,670,0.128426299,50000,35000,70000,1550,1871,340,"(124.0, 20124.0]",1,"(48500, 51000]",6,49750
31,2410,ENVIRONMENTAL ENGINEERING,4047.0,2662.0,1385.0,Engineering,0.342228811,26,2983,2384,930,1951,308,0.093588575,50000,42000,56000,2028,830,260,"(124.0, 20124.0]",1,"(48500, 51000]",7,49750
32,2500,ENGINEERING TECHNOLOGIES,3600.0,2695.0,905.0,Engineering,0.251388889,39,2799,2257,689,1723,163,0.055030385,50000,43000,60000,1017,1269,142,"(124.0, 20124.0]",1,"(48500, 51000]",8,49750
33,6099,MISCELLANEOUS FINE ARTS,3340.0,1970.0,1370.0,Arts,0.41017964100000004,30,2914,2049,1067,1200,286,0.089375,50000,25000,66000,693,1714,755,"(124.0, 20124.0]",1,"(48500, 51000]",9,49750
34,2411,GEOLOGICAL AND GEOPHYSICAL ENGINEERING,720.0,488.0,232.0,Engineering,0.322222222,5,604,524,126,396,49,0.075038285,50000,42800,57000,501,50,49,"(124.0, 20124.0]",1,"(48500, 51000]",10,49750
35,6107,NURSING,209394.0,21773.0,187621.0,Health,0.896018988,2554,180903,151191,40818,122817,8497,0.04486272400000001,48000,39000,58000,151643,26146,6193,"(200124.0, 220124.0]",1,"(46000, 48500]",1,47250
36,6207,FINANCE,174506.0,115030.0,59476.0,Business,0.34082495700000004,2189,145696,137921,21463,108595,9413,0.060686356,47000,35000,64000,24243,48447,9910,"(160124.0, 180124.0]",1,"(46000, 48500]",2,47250
37,5501,ECONOMICS,139247.0,89749.0,49498.0,Social Science,0.355469059,1322,104117,96567,25325,70740,11452,0.099092317,47000,35000,65000,25582,37057,10653,"(120124.0, 140124.0]",1,"(46000, 48500]",3,47250
38,6205,BUSINESS ECONOMICS,13302.0,7575.0,5727.0,Business,0.430536761,199,10914,10048,1937,8000,1165,0.096448381,46000,33000,58000,1578,4612,1284,"(124.0, 20124.0]",1,"(43500, 46000]",1,44750
39,2503,INDUSTRIAL PRODUCTION TECHNOLOGIES,4631.0,3477.0,1154.0,Engineering,0.24919024,73,4428,3988,597,3242,129,0.028308097,46000,35000,65000,1394,2454,480,"(124.0, 20124.0]",1,"(43500, 46000]",2,44750
40,5102,"NUCLEAR, INDUSTRIAL RADIOLOGY, AND BIOLOGICAL TECHNOLOGIES",2116.0,528.0,1588.0,Physical Sciences,0.75047259,31,1778,1392,579,1115,137,0.07154047,46000,38000,53000,162,1475,124,"(124.0, 20124.0]",1,"(43500, 46000]",3,44750
41,6201,ACCOUNTING,198633.0,94519.0,104114.0,Business,0.524152583,2042,165527,151967,27693,123169,12411,0.069749014,45000,34000,56000,11417,39323,10886,"(180124.0, 200124.0]",1,"(43500, 46000]",4,44750
42,3700,MATHEMATICS,72397.0,39956.0,32441.0,Computers & Mathematics,0.448098678,541,58118,46399,18079,33738,2884,0.047277137999999996,45000,33000,60000,34800,14829,4569,"(60124.0, 80124.0]",1,"(43500, 46000]",5,44750
43,2100,COMPUTER AND INFORMATION SYSTEMS,36698.0,27392.0,9306.0,Computers & Mathematics,0.253583302,425,28459,26348,4332,21130,2934,0.093460326,45000,30000,60000,13344,11783,1672,"(20124.0, 40124.0]",1,"(43500, 46000]",6,44750
44,5007,PHYSICS,32142.0,23080.0,9062.0,Physical Sciences,0.281936407,142,25302,19428,8721,14389,1282,0.048224496,45000,30000,68000,18674,4576,1823,"(20124.0, 40124.0]",1,"(43500, 46000]",7,44750
45,6105,MEDICAL TECHNOLOGIES TECHNICIANS,15914.0,3916.0,11998.0,Health,0.75392736,190,13150,11510,2665,9005,505,0.03698279,45000,36000,50000,5546,7176,1002,"(124.0, 20124.0]",1,"(43500, 46000]",8,44750
46,2105,INFORMATION SCIENCES,11913.0,9005.0,2908.0,Computers & Mathematics,0.24410308100000003,158,9881,9105,1468,7378,639,0.060741445,45000,32500,58000,4390,4102,608,"(124.0, 20124.0]",1,"(43500, 46000]",9,44750
47,3702,STATISTICS AND DECISION SCIENCE,6251.0,2960.0,3291.0,Computers & Mathematics,0.526475764,37,4247,3190,1840,2151,401,0.086273666,45000,26700,60000,2298,1200,343,"(124.0, 20124.0]",1,"(43500, 46000]",10,44750
48,3701,APPLIED MATHEMATICS,4939.0,2794.0,2145.0,Computers & Mathematics,0.43429844100000004,45,3854,3465,1176,2593,385,0.09082330699999999,45000,34000,63000,2437,803,357,"(124.0, 20124.0]",1,"(43500, 46000]",11,44750
49,3607,PHARMACOLOGY,1762.0,515.0,1247.0,Biology & Life Science,0.7077185020000001,3,1144,657,532,565,107,0.085531575,45000,40000,45000,603,478,93,"(124.0, 20124.0]",1,"(43500, 46000]",12,44750
50,5006,OCEANOGRAPHY,2418.0,752.0,1666.0,Physical Sciences,0.688999173,36,1638,1931,379,1595,99,0.056994819,44700,23000,50000,459,996,186,"(124.0, 20124.0]",1,"(43500, 46000]",13,44750
51,2501,ENGINEERING AND INDUSTRIAL MANAGEMENT,2906.0,2400.0,506.0,Engineering,0.174122505,29,2125,1992,462,1358,74,0.03365166,44000,30000,50000,482,844,245,"(124.0, 20124.0]",1,"(43500, 46000]",14,44750
52,6104,MEDICAL ASSISTING SERVICES,11123.0,803.0,10320.0,Health,0.927807246,67,9168,5643,4107,4290,407,0.042506527,42000,30000,65000,2091,6948,1270,"(124.0, 20124.0]",1,"(41000, 43500]",1,42250
53,4005,MATHEMATICS AND COMPUTER SCIENCE,609.0,500.0,109.0,Computers & Mathematics,0.178981938,7,559,584,0,391,0,0.0,42000,30000,78000,452,67,25,"(124.0, 20124.0]",1,"(41000, 43500]",2,42250
54,2101,COMPUTER PROGRAMMING AND DATA PROCESSING,4168.0,3046.0,1122.0,Computers & Mathematics,0.269193858,43,3257,3204,482,2453,419,0.11398259,41300,20000,46000,2024,1033,263,"(124.0, 20124.0]",1,"(41000, 43500]",3,42250
55,4006,COGNITIVE SCIENCE AND BIOPSYCHOLOGY,3831.0,1667.0,2164.0,Biology & Life Science,0.56486557,25,2741,2470,711,1584,223,0.075236167,41000,20000,60000,1369,921,135,"(124.0, 20124.0]",1,"(38500, 41000]",1,39750
56,2303,SCHOOL STUDENT COUNSELING,818.0,119.0,699.0,Education,0.854523227,4,730,595,135,545,88,0.10757946199999999,41000,41000,43000,509,221,0,"(124.0, 20124.0]",1,"(38500, 41000]",2,39750
57,5505,INTERNATIONAL RELATIONS,28187.0,10345.0,17842.0,Social Science,0.632986838,219,21190,18681,5563,13583,2271,0.09679894300000001,40100,31200,53000,6774,9570,2499,"(20124.0, 40124.0]",1,"(38500, 41000]",3,39750
58,6200,GENERAL BUSINESS,234590.0,132238.0,102352.0,Business,0.43630163299999997,2380,190183,171385,36241,138299,14946,0.072861468,40000,30000,55000,29334,100831,27320,"(220124.0, 240124.0]",1,"(38500, 41000]",4,39750
59,1401,ARCHITECTURE,46420.0,25463.0,20957.0,Engineering,0.451464886,362,34158,29223,10206,20026,4366,0.113331949,40000,31000,50000,16178,13724,4221,"(40124.0, 60124.0]",1,"(38500, 41000]",5,39750
60,6210,INTERNATIONAL BUSINESS,25894.0,10624.0,15270.0,Business,0.589711902,260,19660,17563,4890,12823,2092,0.096175064,40000,30000,50000,3383,9482,3046,"(20124.0, 40124.0]",1,"(38500, 41000]",6,39750
61,6108,PHARMACY PHARMACEUTICAL SCIENCES AND ADMINISTRATION,23551.0,8697.0,14854.0,Health,0.6307163179999999,38,16620,12537,5346,9131,977,0.055520827,40000,20000,90000,11573,4493,1121,"(20124.0, 40124.0]",1,"(38500, 41000]",7,39750
62,3603,MOLECULAR BIOLOGY,18300.0,7426.0,10874.0,Biology & Life Science,0.59420765,90,11581,9441,4590,6183,1067,0.084361164,40000,29000,47000,7225,3145,1168,"(124.0, 20124.0]",1,"(38500, 41000]",8,39750
63,6299,MISCELLANEOUS BUSINESS & MEDICAL ADMINISTRATION,17947.0,10285.0,7662.0,Business,0.42692372,244,14826,13364,3366,10637,1150,0.071982974,40000,30000,51000,2236,8937,1758,"(124.0, 20124.0]",1,"(38500, 41000]",9,39750
64,1101,AGRICULTURE PRODUCTION AND MANAGEMENT,14240.0,9658.0,4582.0,Agriculture & Natural Resources,0.321769663,273,12323,11119,2196,9093,649,0.050030835999999995,40000,25000,50000,1925,6221,1362,"(124.0, 20124.0]",1,"(38500, 41000]",10,39750
65,1100,GENERAL AGRICULTURE,10399.0,6053.0,4346.0,Agriculture & Natural Resources,0.4179248,158,8884,7589,2031,5888,178,0.019642463,40000,30000,50000,2418,4717,839,"(124.0, 20124.0]",1,"(38500, 41000]",11,39750
66,2599,MISCELLANEOUS ENGINEERING TECHNOLOGIES,8804.0,7043.0,1761.0,Engineering,0.200022717,125,7502,7001,1240,5825,416,0.05253852,40000,30400,56000,2446,3896,386,"(124.0, 20124.0]",1,"(38500, 41000]",12,39750
67,2504,MECHANICAL ENGINEERING RELATED TECHNOLOGIES,4790.0,4419.0,371.0,Engineering,0.07745302700000001,71,4186,4175,247,3607,250,0.056357078,40000,27000,52000,1861,2121,406,"(124.0, 20124.0]",1,"(38500, 41000]",13,39750
68,3605,GENETICS,3635.0,1761.0,1874.0,Biology & Life Science,0.515543329,11,2463,1787,847,1487,87,0.034117647,40000,34000,45000,1675,678,201,"(124.0, 20124.0]",1,"(38500, 41000]",14,39750
69,5599,MISCELLANEOUS SOCIAL SCIENCES,3283.0,1499.0,1784.0,Social Science,0.5434054220000001,28,2727,2183,907,1530,215,0.073079538,40000,30000,54000,744,1654,573,"(124.0, 20124.0]",1,"(38500, 41000]",15,39750
70,6403,UNITED STATES HISTORY,3079.0,1756.0,1323.0,Humanities & Liberal Arts,0.429684963,22,2787,2103,839,1274,138,0.047179487,40000,30000,42000,801,1591,302,"(124.0, 20124.0]",1,"(38500, 41000]",16,39750
71,5205,INDUSTRIAL AND ORGANIZATIONAL PSYCHOLOGY,3014.0,1075.0,1939.0,Psychology & Social Work,0.643331121,24,2343,1644,1095,1409,286,0.10878661099999999,40000,32000,53000,559,1224,272,"(124.0, 20124.0]",1,"(38500, 41000]",17,39750
72,1102,AGRICULTURAL ECONOMICS,2439.0,1749.0,690.0,Agriculture & Natural Resources,0.28290282899999997,44,2174,1819,620,1528,182,0.077249576,40000,27000,54000,535,893,94,"(124.0, 20124.0]",1,"(38500, 41000]",18,39750
73,5000,PHYSICAL SCIENCES,1436.0,894.0,542.0,Physical Sciences,0.377437326,10,1146,768,437,653,42,0.035353535,40000,30000,55000,530,465,269,"(124.0, 20124.0]",1,"(38500, 41000]",19,39750
74,3801,MILITARY TECHNOLOGIES,124.0,124.0,0.0,Industrial Arts & Consumer Services,0.0,4,0,111,0,111,0,0.0,40000,40000,40000,0,0,0,,1,"(38500, 41000]",20,39750
75,5003,CHEMISTRY,66530.0,32923.0,33607.0,Physical Sciences,0.5051405379999999,353,48535,39509,15066,29910,2769,0.053972400000000004,39000,30000,49900,30382,14718,4288,"(60124.0, 80124.0]",1,"(38500, 41000]",21,39750
76,5701,"ELECTRICAL, MECHANICAL, AND PRECISION TECHNOLOGIES AND PRODUCTION",2435.0,1869.0,566.0,Industrial Arts & Consumer Services,0.23244353199999998,37,2107,2057,287,1752,64,0.029479502999999997,38400,22500,45000,221,1659,81,"(124.0, 20124.0]",1,"(36000, 38500]",1,37250
77,6203,BUSINESS MANAGEMENT AND ADMINISTRATION,329927.0,173809.0,156118.0,Business,0.473189524,4212,276234,251540,50357,199897,21502,0.07221834099999999,38000,29000,50000,36720,148395,32395,"(320124.0, 340124.0]",1,"(36000, 38500]",2,37250
78,6206,MARKETING AND MARKETING RESEARCH,205211.0,78857.0,126354.0,Business,0.615727227,2684,178862,156668,35829,127230,11663,0.061215064000000007,38000,30000,50000,25320,93889,27968,"(200124.0, 220124.0]",1,"(36000, 38500]",3,37250
79,5506,POLITICAL SCIENCE AND GOVERNMENT,182621.0,93880.0,88741.0,Social Science,0.485929877,1387,133454,117709,43711,83236,15022,0.101174601,38000,28000,50000,36854,66947,19803,"(180124.0, 200124.0]",1,"(36000, 38500]",4,37250
80,5504,GEOGRAPHY,18480.0,11404.0,7076.0,Social Science,0.382900433,179,14057,11367,5651,8628,1799,0.113458628,38000,30000,50000,5350,6830,1905,"(124.0, 20124.0]",1,"(36000, 38500]",5,37250
81,3606,MICROBIOLOGY,15232.0,6383.0,8849.0,Biology & Life Science,0.580948004,62,9685,7453,3379,5080,693,0.066775872,38000,29600,50000,5577,3174,1246,"(124.0, 20124.0]",1,"(36000, 38500]",6,37250
82,2106,COMPUTER ADMINISTRATION MANAGEMENT AND SECURITY,8066.0,6607.0,1459.0,Computers & Mathematics,0.180882718,103,6509,6289,1030,4936,721,0.099723375,37500,25000,50000,2354,3244,308,"(124.0, 20124.0]",1,"(36000, 38500]",7,37250
83,3601,BIOCHEMICAL SCIENCES,39107.0,18951.0,20156.0,Biology & Life Science,0.515406449,174,25678,20643,9948,13785,2249,0.080531385,37400,29000,50000,15654,8394,3012,"(20124.0, 40124.0]",1,"(36000, 38500]",8,37250
84,3602,BOTANY,1329.0,626.0,703.0,Biology & Life Science,0.52896915,9,1010,946,169,740,0,0.0,37000,26000,40000,677,184,56,"(124.0, 20124.0]",1,"(36000, 38500]",9,37250
85,2107,COMPUTER NETWORKING AND TELECOMMUNICATIONS,7613.0,5291.0,2322.0,Computers & Mathematics,0.305004597,97,6144,5495,1447,4369,1100,0.151849807,36400,27000,49000,2593,2941,352,"(124.0, 20124.0]",1,"(36000, 38500]",10,37250
86,5004,GEOLOGY AND EARTH SCIENCE,10972.0,5813.0,5159.0,Physical Sciences,0.470196865,78,8296,6966,2913,5008,677,0.075448568,36200,28000,47000,4858,2792,959,"(124.0, 20124.0]",1,"(36000, 38500]",11,37250
87,6209,HUMAN RESOURCES AND PERSONNEL MANAGEMENT,24497.0,6184.0,18313.0,Business,0.7475609259999999,264,20760,18550,3767,15446,1315,0.059569649,36000,28000,45000,2406,9629,1906,"(20124.0, 40124.0]",1,"(33500, 36000]",1,34750
88,3202,PRE-LAW AND LEGAL STUDIES,13528.0,4435.0,9093.0,Law & Public Policy,0.672161443,92,9762,7851,3595,5370,757,0.07196501599999999,36000,29200,46000,2002,6454,1336,"(124.0, 20124.0]",1,"(33500, 36000]",2,34750
89,6199,MISCELLANEOUS HEALTH MEDICAL PROFESSIONS,13386.0,1589.0,11797.0,Health,0.881293889,81,10076,7514,4145,5868,893,0.08141125,36000,23000,42000,5652,3835,1422,"(124.0, 20124.0]",1,"(33500, 36000]",3,34750
90,5401,PUBLIC ADMINISTRATION,5629.0,2947.0,2682.0,Law & Public Policy,0.47646118299999995,46,4158,4148,847,2952,789,0.15949059999999998,36000,23000,60000,919,2313,496,"(124.0, 20124.0]",1,"(33500, 36000]",4,34750
91,5005,GEOSCIENCES,1978.0,809.0,1169.0,Physical Sciences,0.591001011,18,1441,1264,354,1011,36,0.024373731000000003,36000,21000,41000,784,591,221,"(124.0, 20124.0]",1,"(33500, 36000]",5,34750
92,5206,SOCIAL PSYCHOLOGY,1386.0,413.0,973.0,Psychology & Social Work,0.702020202,8,1080,828,433,529,33,0.029649596,36000,34000,45000,434,593,37,"(124.0, 20124.0]",1,"(33500, 36000]",6,34750
93,1301,ENVIRONMENTAL SCIENCE,25965.0,10787.0,15178.0,Biology & Life Science,0.584556133,225,20859,16987,7071,10916,1779,0.07858468099999999,35600,25000,40200,8149,10076,3175,"(20124.0, 40124.0]",1,"(33500, 36000]",7,34750
94,1901,COMMUNICATIONS,213996.0,70619.0,143377.0,Communications & Journalism,0.669998505,2394,179633,147335,49889,116251,14602,0.07517697599999999,35000,27000,45000,40763,97964,27440,"(200124.0, 220124.0]",1,"(33500, 36000]",8,34750
95,5301,CRIMINAL JUSTICE AND FIRE PROTECTION,152824.0,80231.0,72593.0,Law & Public Policy,0.47501047,1728,125393,109970,32242,88548,11268,0.082452199,35000,26000,45000,24348,88858,18404,"(140124.0, 160124.0]",1,"(33500, 36000]",9,34750
96,6004,COMMERCIAL ART AND GRAPHIC DESIGN,103480.0,32041.0,71439.0,Arts,0.690365288,1186,83483,67448,24387,52243,8947,0.096797577,35000,25000,45000,37389,38119,14839,"(100124.0, 120124.0]",1,"(33500, 36000]",10,34750
97,1902,JOURNALISM,72619.0,23736.0,48883.0,Communications & Journalism,0.6731433920000001,843,61022,51411,15902,39524,4535,0.069176442,35000,26000,42900,23279,26672,8512,"(60124.0, 80124.0]",1,"(33500, 36000]",11,34750
98,5098,MULTI-DISCIPLINARY OR GENERAL SCIENCE,62052.0,27015.0,35037.0,Physical Sciences,0.564639335,427,46138,37850,13133,28966,2727,0.055806815,35000,24000,50000,17923,22039,5751,"(60124.0, 80124.0]",1,"(33500, 36000]",12,34750
99,1904,ADVERTISING AND PUBLIC RELATIONS,53162.0,12862.0,40300.0,Communications & Journalism,0.758060269,681,45326,38815,10948,30932,3305,0.06796076599999999,35000,27000,47000,9659,23059,7214,"(40124.0, 60124.0]",1,"(33500, 36000]",13,34750
100,1501,AREA ETHNIC AND CIVILIZATION STUDIES,31195.0,8739.0,22456.0,Humanities & Liberal Arts,0.719858952,249,24629,18755,9541,13109,1668,0.063429289,35000,24500,44000,8465,11818,3677,"(20124.0, 40124.0]",1,"(33500, 36000]",14,34750
101,2310,SPECIAL NEEDS EDUCATION,28739.0,2682.0,26057.0,Education,0.9066773370000001,246,24639,21584,5153,16642,1067,0.041507819,35000,32000,42000,20185,3797,1179,"(20124.0, 40124.0]",1,"(33500, 36000]",15,34750
102,3608,PHYSIOLOGY,22060.0,8422.0,13638.0,Biology & Life Science,0.618223028,99,14643,10732,6541,7588,1088,0.06916280000000001,35000,20000,50000,6587,6894,2237,"(20124.0, 40124.0]",1,"(33500, 36000]",16,34750
103,5503,CRIMINOLOGY,19879.0,10031.0,9848.0,Social Science,0.495397153,214,16181,13616,4543,10548,1743,0.097243919,35000,25000,45000,3373,10605,1895,"(124.0, 20124.0]",1,"(33500, 36000]",17,34750
104,4002,NUTRITION SCIENCES,18909.0,2563.0,16346.0,Health,0.8644560790000001,118,13217,9601,6648,6625,975,0.068700676,35000,26000,45000,6535,5473,2449,"(124.0, 20124.0]",1,"(33500, 36000]",18,34750
105,6103,HEALTH AND MEDICAL ADMINISTRATIVE SERVICES,18109.0,4266.0,13843.0,Health,0.764426528,184,15419,13534,3299,10982,1518,0.089626262,35000,27000,42000,2589,8592,1391,"(124.0, 20124.0]",1,"(33500, 36000]",19,34750
106,2001,COMMUNICATION TECHNOLOGIES,18035.0,11431.0,6604.0,Computers & Mathematics,0.366176878,208,14779,11981,4690,9085,2006,0.11951146900000001,35000,25000,45000,4545,8794,2495,"(124.0, 20124.0]",1,"(33500, 36000]",20,34750
107,5901,TRANSPORTATION SCIENCES AND TECHNOLOGIES,15150.0,13257.0,1893.0,Industrial Arts & Consumer Services,0.124950495,180,12266,11688,2633,9170,962,0.072724524,35000,22000,52000,4575,6147,557,"(124.0, 20124.0]",1,"(33500, 36000]",21,34750
108,1303,NATURAL RESOURCES MANAGEMENT,13773.0,8617.0,5156.0,Agriculture & Natural Resources,0.37435562299999997,152,11797,10722,2613,6954,842,0.066619195,35000,25000,42000,4333,5808,1405,"(124.0, 20124.0]",1,"(33500, 36000]",22,34750
109,3611,NEUROSCIENCE,13663.0,4944.0,8719.0,Biology & Life Science,0.63814682,53,9087,8027,3078,5482,463,0.048481675,35000,30000,44000,5605,2301,902,"(124.0, 20124.0]",1,"(33500, 36000]",23,34750
110,4000,MULTI/INTERDISCIPLINARY STUDIES,12296.0,2817.0,9479.0,Interdisciplinary,0.770901106,128,9821,8032,3173,6234,749,0.070860927,35000,25000,44000,5176,3903,1061,"(124.0, 20124.0]",1,"(33500, 36000]",24,34750
111,5002,ATMOSPHERIC SCIENCES AND METEOROLOGY,4043.0,2744.0,1299.0,Physical Sciences,0.321296067,32,3431,2659,1309,2161,78,0.022228555,35000,28000,50000,1808,1317,237,"(124.0, 20124.0]",1,"(33500, 36000]",25,34750
112,1302,FORESTRY,3607.0,3156.0,451.0,Agriculture & Natural Resources,0.125034655,48,3007,2473,891,1763,322,0.096725743,35000,28600,48000,1096,1692,327,"(124.0, 20124.0]",1,"(33500, 36000]",26,34750
113,1106,SOIL SCIENCE,685.0,476.0,209.0,Agriculture & Natural Resources,0.305109489,4,613,488,185,383,0,0.0,35000,18500,44000,355,144,0,"(124.0, 20124.0]",1,"(33500, 36000]",27,34750
114,2300,GENERAL EDUCATION,143718.0,26893.0,116825.0,Education,0.8128766059999999,919,118241,98408,29558,73531,7195,0.057359929000000004,34000,26000,41000,82007,31112,11443,"(140124.0, 160124.0]",1,"(33500, 36000]",28,34750
115,6402,HISTORY,141951.0,78253.0,63698.0,Humanities & Liberal Arts,0.448732309,1058,105646,84681,40657,59218,11176,0.09566691199999999,34000,25000,47000,35336,54569,16839,"(140124.0, 160124.0]",1,"(33500, 36000]",29,34750
116,2602,FRENCH GERMAN LATIN AND OTHER COMMON FOREIGN LANGUAGE STUDIES,48246.0,12835.0,35411.0,Humanities & Liberal Arts,0.733967583,342,38315,29340,14569,20056,3132,0.075566386,34000,25000,45000,15051,18193,5267,"(40124.0, 60124.0]",1,"(33500, 36000]",30,34750
117,4001,INTERCULTURAL AND INTERNATIONAL STUDIES,24650.0,8575.0,16075.0,Humanities & Liberal Arts,0.6521298170000001,184,18824,14354,7978,8801,1718,0.083633531,34000,24000,45000,4956,10343,3168,"(20124.0, 40124.0]",1,"(33500, 36000]",31,34750
118,2311,SOCIAL SCIENCE OR HISTORY TEACHER EDUCATION,20198.0,9950.0,10248.0,Education,0.507376968,157,17700,14002,5168,8871,1012,0.054082940999999995,34000,23050,42000,10928,5561,1806,"(20124.0, 40124.0]",1,"(33500, 36000]",32,34750
119,6110,COMMUNITY AND PUBLIC HEALTH,19735.0,4103.0,15632.0,Health,0.792095262,130,14512,10099,6377,7460,1833,0.112144387,34000,21000,45000,5225,7385,1854,"(124.0, 20124.0]",1,"(33500, 36000]",33,34750
120,2305,MATHEMATICS TEACHER EDUCATION,14237.0,3872.0,10365.0,Education,0.728032591,123,13115,11259,2273,8073,216,0.016202835,34000,30000,40000,10699,1977,786,"(124.0, 20124.0]",1,"(33500, 36000]",34,34750
121,2301,EDUCATIONAL ADMINISTRATION AND SUPERVISION,804.0,280.0,524.0,Education,0.651741294,5,703,733,0,504,0,0.0,34000,29000,35000,346,206,111,"(124.0, 20124.0]",1,"(33500, 36000]",35,34750
122,6106,HEALTH AND MEDICAL PREPARATORY PROGRAMS,12740.0,5521.0,7219.0,Health,0.566640502,31,7052,5029,3891,3236,529,0.06977971200000001,33500,23000,40000,3051,3539,1159,"(124.0, 20124.0]",1,"(31000, 33500]",1,32250
123,3699,MISCELLANEOUS BIOLOGY,10706.0,4747.0,5959.0,Biology & Life Science,0.5566037739999999,63,7767,6076,2568,4542,483,0.058545455,33500,23000,48000,4253,2722,459,"(124.0, 20124.0]",1,"(31000, 33500]",2,32250
124,3600,BIOLOGY,280709.0,111762.0,168947.0,Biology & Life Science,0.601858152,1370,182295,144512,72371,100336,13874,0.070724732,33400,24000,45000,88232,81109,28339,"(280124.0, 300124.0]",1,"(31000, 33500]",3,32250
125,5507,SOCIOLOGY,115433.0,32510.0,82923.0,Social Science,0.718364766,1024,92721,73475,29639,56561,8608,0.084951001,33000,25000,44000,29051,48899,13748,"(100124.0, 120124.0]",1,"(31000, 33500]",4,32250
126,1903,MASS MEDIA,52824.0,24704.0,28120.0,Communications & Journalism,0.532333788,590,44679,35769,13078,27521,4410,0.089836827,33000,25000,45000,12855,25297,6429,"(40124.0, 60124.0]",1,"(31000, 33500]",5,32250
127,6109,TREATMENT THERAPY PROFESSIONS,48491.0,13487.0,35004.0,Health,0.721865913,224,37861,30020,12346,21735,2409,0.059821207,33000,24000,41000,22215,14616,4468,"(40124.0, 60124.0]",1,"(31000, 33500]",6,32250
128,6211,HOSPITALITY MANAGEMENT,43647.0,15204.0,28443.0,Business,0.651659908,546,36728,32160,7494,23106,2393,0.061169193,33000,25000,42000,2325,23341,9063,"(40124.0, 60124.0]",1,"(31000, 33500]",7,32250
129,2313,LANGUAGE AND DRAMA EDUCATION,30471.0,3741.0,26730.0,Education,0.8772275279999999,235,26033,21419,7239,15266,1379,0.050306435,33000,24000,40000,17985,6824,2819,"(20124.0, 40124.0]",1,"(31000, 33500]",8,32250
130,2601,LINGUISTICS AND COMPARATIVE LANGUAGE AND LITERATURE,16601.0,4416.0,12185.0,Humanities & Liberal Arts,0.733991928,88,11165,8462,4831,5821,1302,0.10443571,33000,25000,40000,4122,5695,2085,"(124.0, 20124.0]",1,"(31000, 33500]",9,32250
131,2399,MISCELLANEOUS EDUCATION,10150.0,3654.0,6496.0,Education,0.64,126,8691,7264,2202,5816,547,0.059211951,33000,30000,45000,5284,2438,657,"(124.0, 20124.0]",1,"(31000, 33500]",10,32250
132,4007,INTERDISCIPLINARY SOCIAL SCIENCES,9916.0,2337.0,7579.0,Social Science,0.76432029,95,7444,5843,2834,4714,757,0.092305816,33000,24000,40000,2630,3906,1470,"(124.0, 20124.0]",1,"(31000, 33500]",11,32250
133,3604,ECOLOGY,9154.0,3878.0,5276.0,Biology & Life Science,0.576360061,86,7585,5603,2741,3912,437,0.054475193,33000,23000,42000,2856,4159,976,"(124.0, 20124.0]",1,"(31000, 33500]",12,32250
134,2309,SECONDARY TEACHER EDUCATION,17125.0,6820.0,10305.0,Education,0.601751825,156,15116,12520,3782,9193,833,0.05222898,32500,25000,38000,10304,3967,1385,"(124.0, 20124.0]",1,"(31000, 33500]",13,32250
135,6100,GENERAL MEDICAL AND HEALTH SERVICES,33599.0,7574.0,26025.0,Health,0.774576624,202,24406,18166,11088,12809,2183,0.082101621,32400,25000,45000,9364,12889,3816,"(20124.0, 40124.0]",1,"(31000, 33500]",14,32250
136,4801,PHILOSOPHY AND RELIGIOUS STUDIES,54814.0,31967.0,22847.0,Humanities & Liberal Arts,0.41680957399999996,375,40157,31086,16659,21816,4267,0.096051684,32200,23000,47100,14444,20313,8051,"(40124.0, 60124.0]",1,"(31000, 33500]",15,32250
137,2314,ART AND MUSIC EDUCATION,34181.0,10732.0,23449.0,Education,0.6860244000000001,338,30007,23018,9209,16537,1206,0.038637747,32100,25000,40000,20821,8260,2767,"(20124.0, 40124.0]",1,"(31000, 33500]",16,32250
138,3301,ENGLISH LANGUAGE AND LITERATURE,194673.0,58227.0,136446.0,Humanities & Liberal Arts,0.70089843,1436,149180,114386,57825,81180,14345,0.08772359,32000,23000,41000,57690,71827,26503,"(180124.0, 200124.0]",1,"(31000, 33500]",17,32250
139,2304,ELEMENTARY EDUCATION,170862.0,13029.0,157833.0,Education,0.923745479,1629,149339,123177,37965,86540,7297,0.046585715,32000,23400,38000,108085,36972,11502,"(160124.0, 180124.0]",1,"(31000, 33500]",18,32250
140,4101,PHYSICAL FITNESS PARKS RECREATION AND LEISURE,125074.0,62181.0,62893.0,Industrial Arts & Consumer Services,0.502846315,1014,103078,77428,38515,57978,5593,0.051467273,32000,24000,43000,27581,63946,16838,"(120124.0, 140124.0]",1,"(31000, 33500]",19,32250
141,3401,LIBERAL ARTS,71369.0,22339.0,49030.0,Humanities & Liberal Arts,0.686992952,569,54844,43401,19187,33438,4657,0.078267592,32000,25000,42000,18565,28558,9030,"(60124.0, 80124.0]",1,"(31000, 33500]",20,32250
142,6005,FILM VIDEO AND PHOTOGRAPHIC ARTS,38761.0,22357.0,16404.0,Arts,0.423208896,331,31433,22457,12818,15740,3718,0.10577224,32000,22000,42000,7368,20721,5862,"(20124.0, 40124.0]",1,"(31000, 33500]",21,32250
143,5500,GENERAL SOCIAL SCIENCES,12920.0,5079.0,7841.0,Social Science,0.606888545,113,9602,7700,3396,5679,1108,0.103454715,32000,27000,50000,3602,4778,1634,"(124.0, 20124.0]",1,"(31000, 33500]",22,32250
144,1105,PLANT SCIENCE AND AGRONOMY,7416.0,4897.0,2519.0,Agriculture & Natural Resources,0.339670982,110,6594,5798,1246,4522,314,0.045454545,32000,22900,40000,2089,3545,1231,"(124.0, 20124.0]",1,"(31000, 33500]",23,32250
145,2308,SCIENCE AND COMPUTER TEACHER EDUCATION,6483.0,2049.0,4434.0,Education,0.6839426190000001,59,5362,4764,1227,3247,266,0.047263682,32000,28000,39000,4214,1106,591,"(124.0, 20124.0]",1,"(31000, 33500]",24,32250
146,5200,PSYCHOLOGY,393735.0,86648.0,307087.0,Psychology & Social Work,0.7799332040000001,2584,307933,233205,115172,174438,28169,0.083810867,31500,24000,41000,125148,141860,48207,,1,"(31000, 33500]",25,32250
147,6002,MUSIC,60633.0,29909.0,30724.0,Arts,0.506720763,419,47662,29010,24943,21425,3918,0.075959674,31000,22300,42000,13752,28786,9286,"(60124.0, 80124.0]",1,"(28500, 31000]",1,29750
148,2306,PHYSICAL AND HEALTH EDUCATION TEACHING,28213.0,15670.0,12543.0,Education,0.444582285,259,23794,19420,7230,13651,1920,0.074667496,31000,24000,40000,12777,9328,2042,"(20124.0, 40124.0]",1,"(28500, 31000]",2,29750
149,6006,ART HISTORY AND CRITICISM,21030.0,3240.0,17790.0,Humanities & Liberal Arts,0.845934379,204,17579,13262,6140,9965,1128,0.060298284,31000,23000,40000,5139,9738,3426,"(20124.0, 40124.0]",1,"(28500, 31000]",3,29750
150,6000,FINE ARTS,74440.0,24786.0,49654.0,Arts,0.667033853,623,59679,42764,23656,31877,5486,0.084186296,30500,21000,41000,20792,32725,11880,"(60124.0, 80124.0]",1,"(28500, 31000]",4,29750
151,2901,FAMILY AND CONSUMER SCIENCES,58001.0,5166.0,52835.0,Industrial Arts & Consumer Services,0.91093257,518,46624,36747,15872,26906,3355,0.067128194,30000,22900,40000,20985,20133,5248,"(40124.0, 60124.0]",1,"(28500, 31000]",5,29750
152,5404,SOCIAL WORK,53552.0,5137.0,48415.0,Psychology & Social Work,0.9040745440000001,374,45038,34941,13481,27588,3329,0.06882792,30000,25000,35000,27449,14416,4344,"(40124.0, 60124.0]",1,"(28500, 31000]",6,29750
153,1103,ANIMAL SCIENCES,21573.0,5347.0,16226.0,Agriculture & Natural Resources,0.7521438840000001,255,17112,14479,5353,10824,917,0.050862499000000005,30000,22000,40000,5443,9571,2125,"(20124.0, 40124.0]",1,"(28500, 31000]",7,29750
154,6003,VISUAL AND PERFORMING ARTS,16250.0,4133.0,12117.0,Arts,0.745661538,132,12870,8447,6253,6322,1465,0.102197419,30000,22000,40000,3849,7635,2840,"(124.0, 20124.0]",1,"(28500, 31000]",8,29750
155,2312,TEACHER EDUCATION: MULTIPLE LEVELS,14443.0,2734.0,11709.0,Education,0.810704147,142,13076,11734,2214,8457,496,0.03654583,30000,24000,37000,10766,1949,722,"(124.0, 20124.0]",1,"(28500, 31000]",9,29750
156,5299,MISCELLANEOUS PSYCHOLOGY,9628.0,1936.0,7692.0,Psychology & Social Work,0.798919817,60,7653,5201,3221,3838,419,0.05190783,30000,20800,40000,2960,3948,1650,"(124.0, 20124.0]",1,"(28500, 31000]",10,29750
157,5403,HUMAN SERVICES AND COMMUNITY ORGANIZATION,9374.0,885.0,8489.0,Psychology & Social Work,0.90558993,89,8294,6455,2405,5061,326,0.037819026,30000,24000,35000,2878,4595,724,"(124.0, 20124.0]",1,"(28500, 31000]",11,29750
158,3402,HUMANITIES,6652.0,2013.0,4639.0,Humanities & Liberal Arts,0.697384245,49,5052,3565,2225,2661,372,0.068584071,30000,20000,49000,1168,3354,1141,"(124.0, 20124.0]",1,"(28500, 31000]",12,29750
159,4901,THEOLOGY AND RELIGIOUS VOCATIONS,30207.0,18616.0,11591.0,Humanities & Liberal Arts,0.38371900600000003,310,24202,18079,8767,13944,1617,0.062628297,29000,22000,38000,9927,12037,3304,"(20124.0, 40124.0]",1,"(28500, 31000]",13,29750
160,6007,STUDIO ARTS,16977.0,4754.0,12223.0,Arts,0.719974083,182,13908,10451,5673,7413,1368,0.089552239,29000,19200,38300,3948,8707,3586,"(124.0, 20124.0]",1,"(28500, 31000]",14,29750
161,2201,COSMETOLOGY SERVICES AND CULINARY ARTS,10510.0,4364.0,6146.0,Industrial Arts & Consumer Services,0.584776403,117,8650,7662,2064,5949,510,0.055676856,29000,20000,36000,563,7384,3163,"(124.0, 20124.0]",1,"(28500, 31000]",15,29750
162,1199,MISCELLANEOUS AGRICULTURE,1488.0,404.0,1084.0,Agriculture & Natural Resources,0.7284946240000001,24,1290,1098,335,936,82,0.05976676400000001,29000,23000,42100,483,626,31,"(124.0, 20124.0]",1,"(28500, 31000]",16,29750
163,5502,ANTHROPOLOGY AND ARCHEOLOGY,38844.0,11376.0,27468.0,Humanities & Liberal Arts,0.7071362370000001,247,29633,20147,14515,13232,3395,0.102791571,28000,20000,38000,9805,16693,6866,"(20124.0, 40124.0]",1,"(26000, 28500]",1,27250
164,6102,COMMUNICATION DISORDERS SCIENCES AND SERVICES,38279.0,1225.0,37054.0,Health,0.9679981190000001,95,29763,19975,13862,14460,1487,0.047583999999999994,28000,20000,40000,19957,9404,5125,"(20124.0, 40124.0]",1,"(26000, 28500]",2,27250
165,2307,EARLY CHILDHOOD EDUCATION,37589.0,1167.0,36422.0,Education,0.968953683,342,32551,27569,7001,20748,1360,0.040104981,28000,21000,35000,23515,7705,2868,"(20124.0, 40124.0]",1,"(26000, 28500]",3,27250
166,2603,OTHER FOREIGN LANGUAGES,11204.0,3472.0,7732.0,Humanities & Liberal Arts,0.690110675,56,7052,5197,3685,3214,846,0.107115726,27500,22900,38000,2326,3703,1115,"(124.0, 20124.0]",1,"(26000, 28500]",4,27250
167,6001,DRAMA AND THEATER ARTS,43249.0,14440.0,28809.0,Arts,0.666119448,357,36165,25147,15994,16891,3040,0.07754113,27000,19200,35000,6994,25313,11068,"(40124.0, 60124.0]",1,"(26000, 28500]",5,27250
168,3302,COMPOSITION AND RHETORIC,18953.0,7022.0,11931.0,Humanities & Liberal Arts,0.629504564,151,15053,10121,6612,7832,1340,0.081742207,27000,20000,35000,4855,8100,3466,"(124.0, 20124.0]",1,"(26000, 28500]",6,27250
169,3609,ZOOLOGY,8409.0,3050.0,5359.0,Biology & Life Science,0.637293376,47,6259,5043,2190,3602,304,0.04632028,26000,20000,39000,2771,2947,743,"(124.0, 20124.0]",1,"(23500, 26000]",1,24750
170,5201,EDUCATIONAL PSYCHOLOGY,2854.0,522.0,2332.0,Psychology & Social Work,0.8170988090000001,7,2125,1848,572,1211,148,0.065112187,25000,24000,34000,1488,615,82,"(124.0, 20124.0]",1,"(23500, 26000]",2,24750
171,5202,CLINICAL PSYCHOLOGY,2838.0,568.0,2270.0,Psychology & Social Work,0.799859056,13,2101,1724,648,1293,368,0.14904819800000002,25000,25000,40000,986,870,622,"(124.0, 20124.0]",1,"(23500, 26000]",3,24750
172,5203,COUNSELING PSYCHOLOGY,4626.0,931.0,3695.0,Psychology & Social Work,0.798746217,21,3777,3154,965,2738,214,0.053620645999999994,23400,19200,26000,2403,1245,308,"(124.0, 20124.0]",1,"(21000, 23500]",1,22250
173,3501,LIBRARY SCIENCE,1098.0,134.0,964.0,Education,0.877959927,2,742,593,237,410,87,0.10494571800000001,22000,20000,22000,288,338,192,"(124.0, 20124.0]",1,"(21000, 23500]",2,22250
